Keywords,Your actual rank (1-30+),Your URL that's ranking,Your page title in search results,Top ranking domain (competitor),Top result's title,Total search results,Timestamp
agendar consulta coloproctologista curitiba,,https://www.analuizarocha.com.br/,Dra. Ana Luiza M. Rocha | Coloproctologista Curitiba,,,,3/10/2026
ana luiza moraes rocha,,https://www.analuizarocha.com.br/sobre,Sobre a Dra. Ana Luiza M. Rocha | Especialista em Coloproctologia,,,,3/10/2026
ana luiza rocha coloproctologista,,https://www.analuizarocha.com.br/sobre,Sobre a Dra. Ana Luiza M. Rocha | Especialista em Coloproctologia,,,,3/10/2026
anuscopia alta resolução curitiba,,https://www.analuizarocha.com.br/tratamentos/rastreio-cancer-anal,Rastreio de Câncer Anal e HPV,,,,3/10/2026
botox fissura anal curitiba,,https://www.analuizarocha.com.br/tratamentos/toxina-botulinica,Toxina Botulínica para Fissura Anal,,,,3/10/2026
cirurgia cisto pilonidal curitiba,,https://www.analuizarocha.com.br/tratamentos/cx-cisto-pilonidal,Cisto Pilonidal: Cirurgia e Recuperação,,,,3/10/2026
cirurgia coccix curitiba,,https://www.analuizarocha.com.br/tratamentos/cx-cisto-pilonidal,Cisto Pilonidal: Cirurgia e Recuperação,,,,3/10/2026
cirurgia colorretal curitiba,,https://www.analuizarocha.com.br/,Dra. Ana Luiza M. Rocha | Coloproctologista Curitiba,,,,3/10/2026
cirurgia fistula anal curitiba,,https://www.analuizarocha.com.br/tratamentos/cx-fistulas-anorretais,Fístula Anal: Cirurgia Especializada,,,,3/10/2026
cirurgia hemorroidas curitiba,,https://www.analuizarocha.com.br/tratamentos,Tratamentos de Coloproctologia em Curitiba,,,,3/10/2026
cirurgia hemorroidas laser curitiba,,https://www.analuizarocha.com.br/tratamentos/hemorroidas,Hemorroidas: Tratamento em Curitiba,,,,3/10/2026
cirurgia laser curitiba,,https://www.analuizarocha.com.br/tratamentos,Tratamentos de Coloproctologia em Curitiba,,,,3/10/2026
cirurgia laser hemorroidas curitiba,,https://www.analuizarocha.com.br/tratamentos/cx-laser,Cirurgia a Laser Proctológica,,,,3/10/2026
cirurgia minimamente invasiva curitiba,,https://www.analuizarocha.com.br/tratamentos/cx-laser,Cirurgia a Laser Proctológica,,,,3/10/2026
cirurgias a laser proctologia curitiba,,https://www.analuizarocha.com.br/,Dra. Ana Luiza M. Rocha | Coloproctologista Curitiba,,,,3/10/2026
cisto pilonidal curitiba,,https://www.analuizarocha.com.br/tratamentos,Tratamentos de Coloproctologia em Curitiba,,,,3/10/2026
cisto pilonidal laser curitiba,,https://www.analuizarocha.com.br/tratamentos/cx-cisto-pilonidal,Cisto Pilonidal: Cirurgia e Recuperação,,,,3/10/2026
cisto sacrococcigeo curitiba,,https://www.analuizarocha.com.br/tratamentos/cx-cisto-pilonidal,Cisto Pilonidal: Cirurgia e Recuperação,,,,3/10/2026
citologia anal curitiba,,https://www.analuizarocha.com.br/tratamentos/rastreio-cancer-anal,Rastreio de Câncer Anal e HPV,,,,3/10/2026
clínica nassif batel curitiba,,https://www.analuizarocha.com.br/,Dra. Ana Luiza M. Rocha | Coloproctologista Curitiba,,,,3/10/2026
coloproctologia curitiba,,https://www.analuizarocha.com.br/tratamentos,Tratamentos de Coloproctologia em Curitiba,,,,3/10/2026
coloproctologista curitiba batel,,https://www.analuizarocha.com.br/,Dra. Ana Luiza M. Rocha | Coloproctologista Curitiba,,,,3/10/2026
coloproctologista SII curitiba,,https://www.analuizarocha.com.br/tratamentos/sindrome-intestino-irritavel,Síndrome do Intestino Irritável (SII),,,,3/10/2026
condiloma anal curitiba,,https://www.analuizarocha.com.br/tratamentos/hpv-anal,HPV Anal: Condilomas e Tratamento,,,,3/10/2026
consulta coloproctologista curitiba,,https://www.analuizarocha.com.br/,Dra. Ana Luiza M. Rocha | Coloproctologista Curitiba,,,,3/10/2026
consultório médico coloproctologia curitiba,,https://www.analuizarocha.com.br/,Dra. Ana Luiza M. Rocha | Coloproctologista Curitiba,,,,3/10/2026
crm pr 45351,,https://www.analuizarocha.com.br/sobre,Sobre a Dra. Ana Luiza M. Rocha | Especialista em Coloproctologia,,,,3/10/2026
crm pr 45351 rqe 36221,,https://www.analuizarocha.com.br/sobre,Sobre a Dra. Ana Luiza M. Rocha | Especialista em Coloproctologia,,,,3/10/2026
crm-pr 45351,,https://www.analuizarocha.com.br/,Dra. Ana Luiza M. Rocha | Coloproctologista Curitiba,,,,3/10/2026
DII curitiba,,https://www.analuizarocha.com.br/tratamentos/doencas-inflamatorias-intestinais,DII: Crohn e Retocolite,,,,3/10/2026
doença de crohn curitiba,,https://www.analuizarocha.com.br/tratamentos/doencas-inflamatorias-intestinais,DII: Crohn e Retocolite,,,,3/10/2026
doenças inflamatórias intestinais curitiba,,https://www.analuizarocha.com.br/tratamentos/doencas-inflamatorias-intestinais,DII: Crohn e Retocolite,,,,3/10/2026
dor anal cronica curitiba,,https://www.analuizarocha.com.br/tratamentos/toxina-botulinica,Toxina Botulínica para Fissura Anal,,,,3/10/2026
dra ana luiza m rocha,,https://www.analuizarocha.com.br/sobre,Sobre a Dra. Ana Luiza M. Rocha | Especialista em Coloproctologia,,,,3/10/2026
dra ana luiza moraes rocha,,https://www.analuizarocha.com.br/sobre,Sobre a Dra. Ana Luiza M. Rocha | Especialista em Coloproctologia,,,,3/10/2026
dra ana luiza moraes rocha coloproctologista curitiba,,https://www.analuizarocha.com.br/,Dra. Ana Luiza M. Rocha | Coloproctologista Curitiba,,,,3/10/2026
dra ana luiza moraes rocha proctologista curitiba,,https://www.analuizarocha.com.br/,Dra. Ana Luiza M. Rocha | Coloproctologista Curitiba,,,,3/10/2026
esfíncter anal curitiba,,https://www.analuizarocha.com.br/tratamentos/toxina-botulinica,Toxina Botulínica para Fissura Anal,,,,3/10/2026
fissura anal laser curitiba,,https://www.analuizarocha.com.br/tratamentos/cx-laser,Cirurgia a Laser Proctológica,,,,3/10/2026
fistulotomia curitiba,,https://www.analuizarocha.com.br/tratamentos/cx-fistulas-anorretais,Fístula Anal: Cirurgia Especializada,,,,3/10/2026
hemorroidectomia curitiba,,https://www.analuizarocha.com.br/tratamentos/hemorroidas,Hemorroidas: Tratamento em Curitiba,,,,3/10/2026
HPV anal curitiba,,https://www.analuizarocha.com.br/tratamentos,Tratamentos de Coloproctologia em Curitiba,,,,3/10/2026
LIFT cirurgia curitiba,,https://www.analuizarocha.com.br/tratamentos/cx-fistulas-anorretais,Fístula Anal: Cirurgia Especializada,,,,3/10/2026
ligadura elástica curitiba,,https://www.analuizarocha.com.br/tratamentos/hemorroidas,Hemorroidas: Tratamento em Curitiba,,,,3/10/2026
ligadura elástica para hemorroidas curitiba,,https://www.analuizarocha.com.br/,Dra. Ana Luiza M. Rocha | Coloproctologista Curitiba,,,,3/10/2026
médica coloproctologista curitiba,,https://www.analuizarocha.com.br/sobre,Sobre a Dra. Ana Luiza M. Rocha | Especialista em Coloproctologia,,,,3/10/2026
proctologia curitiba,,https://www.analuizarocha.com.br/,Dra. Ana Luiza M. Rocha | Coloproctologista Curitiba,,,,3/10/2026
proctologista curitiba,,https://www.analuizarocha.com.br/tratamentos,Tratamentos de Coloproctologia em Curitiba,,,,3/10/2026
proctologista curitiba batel,,https://www.analuizarocha.com.br/,Dra. Ana Luiza M. Rocha | Coloproctologista Curitiba,,,,3/10/2026
proctologista dra ana luiza curitiba,,https://www.analuizarocha.com.br/sobre,Sobre a Dra. Ana Luiza M. Rocha | Especialista em Coloproctologia,,,,3/10/2026
proctologista laser curitiba,,https://www.analuizarocha.com.br/tratamentos/cx-laser,Cirurgia a Laser Proctológica,,,,3/10/2026
rastreio cancer anal curitiba,,https://www.analuizarocha.com.br/tratamentos/rastreio-cancer-anal,Rastreio de Câncer Anal e HPV,,,,3/10/2026
rastreio câncer de canal anal curitiba,,https://www.analuizarocha.com.br/,Dra. Ana Luiza M. Rocha | Coloproctologista Curitiba,,,,3/10/2026
retocolite ulcerativa curitiba,,https://www.analuizarocha.com.br/tratamentos/doencas-inflamatorias-intestinais,DII: Crohn e Retocolite,,,,3/10/2026
rqe 36221,,https://www.analuizarocha.com.br/,Dra. Ana Luiza M. Rocha | Coloproctologista Curitiba,,,,3/10/2026
rqe 36221 coloproctologia,,https://www.analuizarocha.com.br/sobre,Sobre a Dra. Ana Luiza M. Rocha | Especialista em Coloproctologia,,,,3/10/2026
seton fistula anal curitiba,,https://www.analuizarocha.com.br/tratamentos/cx-fistulas-anorretais,Fístula Anal: Cirurgia Especializada,,,,3/10/2026
SII curitiba,,https://www.analuizarocha.com.br/tratamentos/sindrome-intestino-irritavel,Síndrome do Intestino Irritável (SII),,,,3/10/2026
sindrome intestino irritavel curitiba,,https://www.analuizarocha.com.br/tratamentos/sindrome-intestino-irritavel,Síndrome do Intestino Irritável (SII),,,,3/10/2026
THD curitiba,,https://www.analuizarocha.com.br/tratamentos/hemorroidas,Hemorroidas: Tratamento em Curitiba,,,,3/10/2026
toxina botulinica anal curitiba,,https://www.analuizarocha.com.br/tratamentos/toxina-botulinica,Toxina Botulínica para Fissura Anal,,,,3/10/2026
toxina botulínica para fissura anal curitiba,,https://www.analuizarocha.com.br/,Dra. Ana Luiza M. Rocha | Coloproctologista Curitiba,,,,3/10/2026
tratamento crohn curitiba,,https://www.analuizarocha.com.br/tratamentos/doencas-inflamatorias-intestinais,DII: Crohn e Retocolite,,,,3/10/2026
tratamento de hpv curitiba,,https://www.analuizarocha.com.br/,Dra. Ana Luiza M. Rocha | Coloproctologista Curitiba,,,,3/10/2026
tratamento fissura anal,,https://www.analuizarocha.com.br/tratamentos,Tratamentos de Coloproctologia em Curitiba,,,,3/10/2026
tratamento hemorroidas curitiba,,https://www.analuizarocha.com.br/tratamentos/hemorroidas,Hemorroidas: Tratamento em Curitiba,,,,3/10/2026
tratamento HPV anal curitiba,,https://www.analuizarocha.com.br/tratamentos/hpv-anal,HPV Anal: Condilomas e Tratamento,,,,3/10/2026
verrugas anais curitiba,,https://www.analuizarocha.com.br/tratamentos/hpv-anal,HPV Anal: Condilomas e Tratamento,,,,3/10/2026
abscesso sacrococcígeo,,https://www.analuizarocha.com.br/blog/cisto-pilonidal-cirurgia-laser-quando-operar,"Cisto pilonidal: o que é, por que acontece e quando é a melhor hora de operar",,,,3/10/2026
acompanhamento coloproctológico,,https://www.analuizarocha.com.br/blog/o-que-muda-acompanhamento-especializado-coloproctologista-curitiba,O que muda quando você tem acompanhamento especializado?,,,,3/10/2026
acompanhamento DII,,https://www.analuizarocha.com.br/blog/doencas-inflamatorias-intestinais-acompanhamento,Doenças inflamatórias intestinais (DII): acompanhamento especializado,,,,3/10/2026
acompanhamento especializado,,https://www.analuizarocha.com.br/blog/o-que-muda-acompanhamento-especializado-coloproctologista-curitiba,O que muda quando você tem acompanhamento especializado?,,,,3/10/2026
anuscopia de alta resolução curitiba,,https://www.analuizarocha.com.br/sobre,Sobre a Dra. Ana Luiza M. Rocha | Especialista em Coloproctologia,,,,3/10/2026
artigos coloproctologista curitiba,,https://www.analuizarocha.com.br/blog,Blog de Coloproctologia e Saúde Intestinal,,,,3/10/2026
atendimento humanizado coloproctologia curitiba,,https://www.analuizarocha.com.br/,Dra. Ana Luiza M. Rocha | Coloproctologista Curitiba,,,,3/10/2026
cirurgia a laser cisto pilonidal,,https://www.analuizarocha.com.br/blog/cisto-pilonidal-cirurgia-laser-quando-operar,"Cisto pilonidal: o que é, por que acontece e quando é a melhor hora de operar",,,,3/10/2026
cirurgia a laser plicoma,,https://www.analuizarocha.com.br/blog/plicoma-anal-cirurgia-laser,Plicoma anal: o que é e como a cirurgia a laser pode auxiliar na recuperação,,,,3/10/2026
cirurgia a laser proctológica,,https://www.analuizarocha.com.br/tratamentos/cx-laser,Cirurgia a Laser Proctológica,,,,3/10/2026
cirurgia hemorroida laser,,https://www.analuizarocha.com.br/blog/hemorroida-sempre-cirurgica-tratamento,Hemorroida é sempre cirúrgica? Entenda quando operar e opções de tratamento,,,,3/10/2026
cisto pilonidal,,https://www.analuizarocha.com.br/tratamentos/cx-cisto-pilonidal,Cisto Pilonidal: Cirurgia e Recuperação,,,,3/10/2026
coceira anal curitiba,,https://www.analuizarocha.com.br/,Dra. Ana Luiza M. Rocha | Coloproctologista Curitiba,,,,3/10/2026
colonoscopia curitiba mercês,,https://www.analuizarocha.com.br/,Dra. Ana Luiza M. Rocha | Coloproctologista Curitiba,,,,3/10/2026
coloproctologia laser,,https://www.analuizarocha.com.br/tratamentos/cx-laser,Cirurgia a Laser Proctológica,,,,3/10/2026
coloproctologista Curitiba,,https://www.analuizarocha.com.br/blog/tratamento-fistulas-anorretais,Tratamento de fístulas anorretais,,,,3/10/2026
coloproctologista DII,,https://www.analuizarocha.com.br/tratamentos/doencas-inflamatorias-intestinais,DII: Crohn e Retocolite,,,,3/10/2026
coloproctologista em Curitiba,,https://www.analuizarocha.com.br/blog/por-que-meus-sintomas-nunca-melhoram,Por que meus sintomas nunca melhoram?,,,,3/10/2026
constipação intestinal curitiba,,https://www.analuizarocha.com.br/,Dra. Ana Luiza M. Rocha | Coloproctologista Curitiba,,,,3/10/2026
diarreia crônica,,https://www.analuizarocha.com.br/blog/diarreia-cronica-tratamento,"Diarreia crônica: causas, diagnóstico e tratamentos",,,,3/10/2026
diarreia crônica curitiba,,https://www.analuizarocha.com.br/,Dra. Ana Luiza M. Rocha | Coloproctologista Curitiba,,,,3/10/2026
diarreia nervosa,,https://www.analuizarocha.com.br/blog/diarreia-cronica-tratamento,"Diarreia crônica: causas, diagnóstico e tratamentos",,,,3/10/2026
dii,,https://www.analuizarocha.com.br/tratamentos/doencas-inflamatorias-intestinais,DII: Crohn e Retocolite,,,,3/10/2026
disturbio funcional intestinal,,https://www.analuizarocha.com.br/tratamentos/sindrome-intestino-irritavel,Síndrome do Intestino Irritável (SII),,,,3/10/2026
distúrbios do assoalho pélvico curitiba,,https://www.analuizarocha.com.br/,Dra. Ana Luiza M. Rocha | Coloproctologista Curitiba,,,,3/10/2026
Doença de Crohn,,https://www.analuizarocha.com.br/blog/doencas-inflamatorias-intestinais-acompanhamento,Doenças inflamatórias intestinais (DII): acompanhamento especializado,,,,3/10/2026
doenças inflamatórias intestinais,,https://www.analuizarocha.com.br/blog/doencas-inflamatorias-intestinais-acompanhamento,Doenças inflamatórias intestinais (DII): acompanhamento especializado,,,,3/10/2026
dor abdominal cronica,,https://www.analuizarocha.com.br/tratamentos/sindrome-intestino-irritavel,Síndrome do Intestino Irritável (SII),,,,3/10/2026
dor anal curitiba,,https://www.analuizarocha.com.br/blog/fissura-anal-tratamento,"Fissura anal: sintomas, tratamentos e como a coloproctologia pode ajudar",,,,3/10/2026
dor ao evacuar,,https://www.analuizarocha.com.br/blog/fissura-anal-tratamento,"Fissura anal: sintomas, tratamentos e como a coloproctologia pode ajudar",,,,3/10/2026
drenagem x cirurgia definitiva,,https://www.analuizarocha.com.br/blog/cisto-pilonidal-cirurgia-laser-quando-operar,"Cisto pilonidal: o que é, por que acontece e quando é a melhor hora de operar",,,,3/10/2026
eletrocauterização HPV,,https://www.analuizarocha.com.br/tratamentos/hpv-anal,HPV Anal: Condilomas e Tratamento,,,,3/10/2026
escleroterapia hemorroidas,,https://www.analuizarocha.com.br/tratamentos/hemorroidas,Hemorroidas: Tratamento em Curitiba,,,,3/10/2026
esfincterotomia,,https://www.analuizarocha.com.br/blog/fissura-anal-tratamento,"Fissura anal: sintomas, tratamentos e como a coloproctologia pode ajudar",,,,3/10/2026
exames diarreia,,https://www.analuizarocha.com.br/blog/diarreia-cronica-tratamento,"Diarreia crônica: causas, diagnóstico e tratamentos",,,,3/10/2026
exames normais e sintomas,,https://www.analuizarocha.com.br/blog/por-que-meus-sintomas-nunca-melhoram,Por que meus sintomas nunca melhoram?,,,,3/10/2026
fellow cirurgia colorretal barcelona,,https://www.analuizarocha.com.br/sobre,Sobre a Dra. Ana Luiza M. Rocha | Especialista em Coloproctologia,,,,3/10/2026
fissura anal,,https://www.analuizarocha.com.br/blog/fissura-anal-tratamento,"Fissura anal: sintomas, tratamentos e como a coloproctologia pode ajudar",,,,3/10/2026
fissura anal curitiba,,https://www.analuizarocha.com.br/,Dra. Ana Luiza M. Rocha | Coloproctologista Curitiba,,,,3/10/2026
fístula anal,,https://www.analuizarocha.com.br/tratamentos/cx-fistulas-anorretais,Fístula Anal: Cirurgia Especializada,,,,3/10/2026
fístula anal curitiba,,https://www.analuizarocha.com.br/,Dra. Ana Luiza M. Rocha | Coloproctologista Curitiba,,,,3/10/2026
fístulas anorretais,,https://www.analuizarocha.com.br/blog/tratamento-fistulas-anorretais,Tratamento de fístulas anorretais,,,,3/10/2026
hemorroida é cirúrgica,,https://www.analuizarocha.com.br/blog/hemorroida-sempre-cirurgica-tratamento,Hemorroida é sempre cirúrgica? Entenda quando operar e opções de tratamento,,,,3/10/2026
hemorroida interna externa,,https://www.analuizarocha.com.br/blog/hemorroida-sempre-cirurgica-tratamento,Hemorroida é sempre cirúrgica? Entenda quando operar e opções de tratamento,,,,3/10/2026
hemorroidas,,https://www.analuizarocha.com.br/tratamentos/hemorroidas,Hemorroidas: Tratamento em Curitiba,,,,3/10/2026
hemorroidas curitiba,,https://www.analuizarocha.com.br/,Dra. Ana Luiza M. Rocha | Coloproctologista Curitiba,,,,3/10/2026
hemorroidas recorrentes,,https://www.analuizarocha.com.br/blog/por-que-meus-sintomas-nunca-melhoram,Por que meus sintomas nunca melhoram?,,,,3/10/2026
higiene anal difícil,,https://www.analuizarocha.com.br/blog/plicoma-anal-cirurgia-laser,Plicoma anal: o que é e como a cirurgia a laser pode auxiliar na recuperação,,,,3/10/2026
hospital clinic barcelona cirurgia colorretal,,https://www.analuizarocha.com.br/sobre,Sobre a Dra. Ana Luiza M. Rocha | Especialista em Coloproctologia,,,,3/10/2026
hospital santa casa de curitiba cirurgia geral,,https://www.analuizarocha.com.br/sobre,Sobre a Dra. Ana Luiza M. Rocha | Especialista em Coloproctologia,,,,3/10/2026
hospital universitário evangélico mackenzie coloproctologia,,https://www.analuizarocha.com.br/sobre,Sobre a Dra. Ana Luiza M. Rocha | Especialista em Coloproctologia,,,,3/10/2026
hpv anal,,https://www.analuizarocha.com.br/tratamentos/hpv-anal,HPV Anal: Condilomas e Tratamento,,,,3/10/2026
HPV canal anal,,https://www.analuizarocha.com.br/tratamentos/rastreio-cancer-anal,Rastreio de Câncer Anal e HPV,,,,3/10/2026
IANS coloproctologia,,https://www.analuizarocha.com.br/tratamentos/rastreio-cancer-anal,Rastreio de Câncer Anal e HPV,,,,3/10/2026
imiquimode condiloma,,https://www.analuizarocha.com.br/tratamentos/hpv-anal,HPV Anal: Condilomas e Tratamento,,,,3/10/2026
international anal neoplasia society,,https://www.analuizarocha.com.br/sobre,Sobre a Dra. Ana Luiza M. Rocha | Especialista em Coloproctologia,,,,3/10/2026
intestino desregulado,,https://www.analuizarocha.com.br/blog/por-que-meus-sintomas-nunca-melhoram,Por que meus sintomas nunca melhoram?,,,,3/10/2026
intestino irritavel tratamento,,https://www.analuizarocha.com.br/tratamentos/sindrome-intestino-irritavel,Síndrome do Intestino Irritável (SII),,,,3/10/2026
intestino solto,,https://www.analuizarocha.com.br/blog/diarreia-cronica-tratamento,"Diarreia crônica: causas, diagnóstico e tratamentos",,,,3/10/2026
laser fistula anal,,https://www.analuizarocha.com.br/tratamentos/cx-fistulas-anorretais,Fístula Anal: Cirurgia Especializada,,,,3/10/2026
laser HPV anal,,https://www.analuizarocha.com.br/tratamentos/hpv-anal,HPV Anal: Condilomas e Tratamento,,,,3/10/2026
laser pilonidal,,https://www.analuizarocha.com.br/tratamentos/cx-cisto-pilonidal,Cisto Pilonidal: Cirurgia e Recuperação,,,,3/10/2026
laxantes irritativos,,https://www.analuizarocha.com.br/blog/por-que-meus-sintomas-nunca-melhoram,Por que meus sintomas nunca melhoram?,,,,3/10/2026
ligadura elástica hemorroida,,https://www.analuizarocha.com.br/blog/hemorroida-sempre-cirurgica-tratamento,Hemorroida é sempre cirúrgica? Entenda quando operar e opções de tratamento,,,,3/10/2026
médico intestino Curitiba,,https://www.analuizarocha.com.br/blog/quando-procurar-coloproctologista-curitiba,Quando procurar um coloproctologista: guia completo,,,,3/10/2026
membro ians coloproctologia,,https://www.analuizarocha.com.br/sobre,Sobre a Dra. Ana Luiza M. Rocha | Especialista em Coloproctologia,,,,3/10/2026
mestranda ufpr clínica cirúrgica,,https://www.analuizarocha.com.br/sobre,Sobre a Dra. Ana Luiza M. Rocha | Especialista em Coloproctologia,,,,3/10/2026
plicoma anal,,https://www.analuizarocha.com.br/blog/plicoma-anal-cirurgia-laser,Plicoma anal: o que é e como a cirurgia a laser pode auxiliar na recuperação,,,,3/10/2026
prevenção cancer anal,,https://www.analuizarocha.com.br/tratamentos/rastreio-cancer-anal,Rastreio de Câncer Anal e HPV,,,,3/10/2026
prevenção de recorrências intestinais,,https://www.analuizarocha.com.br/blog/o-que-muda-acompanhamento-especializado-coloproctologista-curitiba,O que muda quando você tem acompanhamento especializado?,,,,3/10/2026
procedimento minimamente invasivo,,https://www.analuizarocha.com.br/tratamentos/toxina-botulinica,Toxina Botulínica para Fissura Anal,,,,3/10/2026
prurido anal curitiba,,https://www.analuizarocha.com.br/,Dra. Ana Luiza M. Rocha | Coloproctologista Curitiba,,,,3/10/2026
puc-pr medicina,,https://www.analuizarocha.com.br/sobre,Sobre a Dra. Ana Luiza M. Rocha | Especialista em Coloproctologia,,,,3/10/2026
rastreio de câncer anal e hpv,,https://www.analuizarocha.com.br/tratamentos/rastreio-cancer-anal,Rastreio de Câncer Anal e HPV,,,,3/10/2026
recidiva cisto pilonidal,,https://www.analuizarocha.com.br/blog/cisto-pilonidal-cirurgia-laser-quando-operar,"Cisto pilonidal: o que é, por que acontece e quando é a melhor hora de operar",,,,3/10/2026
recuperação plicoma,,https://www.analuizarocha.com.br/blog/plicoma-anal-cirurgia-laser,Plicoma anal: o que é e como a cirurgia a laser pode auxiliar na recuperação,,,,3/10/2026
retalho mucoso fistula,,https://www.analuizarocha.com.br/tratamentos/cx-fistulas-anorretais,Fístula Anal: Cirurgia Especializada,,,,3/10/2026
Retocolite Ulcerativa,,https://www.analuizarocha.com.br/blog/doencas-inflamatorias-intestinais-acompanhamento,Doenças inflamatórias intestinais (DII): acompanhamento especializado,,,,3/10/2026
sangramento anal curitiba,,https://www.analuizarocha.com.br/blog/fissura-anal-tratamento,"Fissura anal: sintomas, tratamentos e como a coloproctologia pode ajudar",,,,3/10/2026
saúde intestinal a longo prazo,,https://www.analuizarocha.com.br/blog/o-que-muda-acompanhamento-especializado-coloproctologista-curitiba,O que muda quando você tem acompanhamento especializado?,,,,3/10/2026
seton,,https://www.analuizarocha.com.br/blog/tratamento-fistulas-anorretais,Tratamento de fístulas anorretais,,,,3/10/2026
síndrome do intestino irritável (sii),,https://www.analuizarocha.com.br/tratamentos/sindrome-intestino-irritavel,Síndrome do Intestino Irritável (SII),,,,3/10/2026
síndrome do intestino irritável curitiba,,https://www.analuizarocha.com.br/,Dra. Ana Luiza M. Rocha | Coloproctologista Curitiba,,,,3/10/2026
síndrome intestino irritável,,https://www.analuizarocha.com.br/blog/diarreia-cronica-tratamento,"Diarreia crônica: causas, diagnóstico e tratamentos",,,,3/10/2026
sintomas intestinais persistentes,,https://www.analuizarocha.com.br/blog/por-que-meus-sintomas-nunca-melhoram,Por que meus sintomas nunca melhoram?,,,,3/10/2026
sobras de pele anal,,https://www.analuizarocha.com.br/blog/plicoma-anal-cirurgia-laser,Plicoma anal: o que é e como a cirurgia a laser pode auxiliar na recuperação,,,,3/10/2026
specta endoscopia digestiva curitiba,,https://www.analuizarocha.com.br/,Dra. Ana Luiza M. Rocha | Coloproctologista Curitiba,,,,3/10/2026
técnica LIFT,,https://www.analuizarocha.com.br/blog/tratamento-fistulas-anorretais,Tratamento de fístulas anorretais,,,,3/10/2026
toxina botulínica fissura,,https://www.analuizarocha.com.br/blog/fissura-anal-tratamento,"Fissura anal: sintomas, tratamentos e como a coloproctologia pode ajudar",,,,3/10/2026
toxina botulínica para fissura anal,,https://www.analuizarocha.com.br/tratamentos/toxina-botulinica,Toxina Botulínica para Fissura Anal,,,,3/10/2026
tratamento cisto pilonidal,,https://www.analuizarocha.com.br/tratamentos/cx-cisto-pilonidal,Cisto Pilonidal: Cirurgia e Recuperação,,,,3/10/2026
tratamento DII,,https://www.analuizarocha.com.br/blog/doencas-inflamatorias-intestinais-acompanhamento,Doenças inflamatórias intestinais (DII): acompanhamento especializado,,,,3/10/2026
tratamento fístula anal,,https://www.analuizarocha.com.br/blog/tratamento-fistulas-anorretais,Tratamento de fístulas anorretais,,,,3/10/2026
tratamento hemorroida,,https://www.analuizarocha.com.br/blog/hemorroida-sempre-cirurgica-tratamento,Hemorroida é sempre cirúrgica? Entenda quando operar e opções de tratamento,,,,3/10/2026
tratamento intestinal individualizado,,https://www.analuizarocha.com.br/blog/o-que-muda-acompanhamento-especializado-coloproctologista-curitiba,O que muda quando você tem acompanhamento especializado?,,,,3/10/2026
tratamentos minimamente invasivos coloproctologia,,https://www.analuizarocha.com.br/,Dra. Ana Luiza M. Rocha | Coloproctologista Curitiba,,,,3/10/2026
a cirurgia a laser dói,,https://www.analuizarocha.com.br/blog/cisto-pilonidal-cirurgia-laser-quando-operar,"Cisto pilonidal: o que é, por que acontece e quando é a melhor hora de operar",,,,3/10/2026
a cirurgia a laser é sempre melhor que a convencional,,https://www.analuizarocha.com.br/blog/plicoma-anal-cirurgia-laser,Plicoma anal: o que é e como a cirurgia a laser pode auxiliar na recuperação,,,,3/10/2026
a cirurgia de fissura anal causa incontinência,,https://www.analuizarocha.com.br/blog/fissura-anal-tratamento,"Fissura anal: sintomas, tratamentos e como a coloproctologia pode ajudar",,,,3/10/2026
a colonoscopia é segura,,https://www.analuizarocha.com.br/blog/cancer-colorretal-rastreio-prevencao-diagnostico-precoce,"Câncer colorretal: rastreio, prevenção e a importância do diagnóstico precoce",,,,3/10/2026
a fissura anal pode cicatrizar sozinha,,https://www.analuizarocha.com.br/blog/fissura-anal-tratamento,"Fissura anal: sintomas, tratamentos e como a coloproctologia pode ajudar",,,,3/10/2026
a ligadura elástica dói,,https://www.analuizarocha.com.br/blog/hemorroida-sempre-cirurgica-tratamento,Hemorroida é sempre cirúrgica? Entenda quando operar e opções de tratamento,,,,3/10/2026
a prisão de ventre pode causar hemorroidas,,https://www.analuizarocha.com.br/blog/constipacao-intestinal-cronica-causas-tratamento,"Constipação intestinal crônica: causas, tratamentos e quando procurar especialista",,,,3/10/2026
a sii pode virar câncer,,https://www.analuizarocha.com.br/blog/sindrome-intestino-irritavel-sintomas-diagnostico-tratamento,"Síndrome do Intestino Irritável (SII): sintomas, diagnóstico e tratamento personalizado",,,,3/10/2026
a sii tem cura,,https://www.analuizarocha.com.br/blog/sindrome-intestino-irritavel-sintomas-diagnostico-tratamento,"Síndrome do Intestino Irritável (SII): sintomas, diagnóstico e tratamento personalizado",,,,3/10/2026
a vacina funciona em adultos,,https://www.analuizarocha.com.br/blog/hpv-anal-condilomas-riscos-tratamento-rastreio,"HPV anal e condilomas: o que são, riscos, tratamento e importância do rastreio",,,,3/10/2026
acompanhamento significa consulta frequente,,https://www.analuizarocha.com.br/blog/o-que-muda-acompanhamento-especializado-coloproctologista-curitiba,O que muda quando você tem acompanhamento especializado?,,,,3/10/2026
alimentação e saúde intestinal,,https://www.analuizarocha.com.br/blog/alimentacao-e-saude-intestinal,"Alimentação e saúde intestinal: fibras, hidratação e ritmo para um intestino equilibrado",,,,3/10/2026
alterações anais podem afetar a vida sexual,,https://www.analuizarocha.com.br/blog/saude-sexual-cuidado-informacao-bem-estar,"Saúde sexual: cuidado, informação e bem-estar",,,,3/10/2026
ansiedade causa sii,,https://www.analuizarocha.com.br/blog/sindrome-intestino-irritavel-sintomas-diagnostico-tratamento,"Síndrome do Intestino Irritável (SII): sintomas, diagnóstico e tratamento personalizado",,,,3/10/2026
beber mais água ajuda meu intestino,,https://www.analuizarocha.com.br/blog/alimentacao-e-saude-intestinal,"Alimentação e saúde intestinal: fibras, hidratação e ritmo para um intestino equilibrado",,,,3/10/2026
beber pouca água interfere no efeito das fibras,,https://www.analuizarocha.com.br/blog/alimentacao-fibras-saude-intestinal,Alimentação e saúde intestinal: o papel das fibras no funcionamento do intestino,,,,3/10/2026
blog coloproctologia,,https://www.analuizarocha.com.br/blog,Blog de Coloproctologia e Saúde Intestinal,,,,3/10/2026
cancer anal HPV,,https://www.analuizarocha.com.br/blog/hpv-anal-condilomas-riscos-tratamento-rastreio,"HPV anal e condilomas: o que são, riscos, tratamento e importância do rastreio",,,,3/10/2026
câncer colorretal,,https://www.analuizarocha.com.br/blog/cancer-colorretal-rastreio-prevencao-diagnostico-precoce,"Câncer colorretal: rastreio, prevenção e a importância do diagnóstico precoce",,,,3/10/2026
causas coceira anal,,https://www.analuizarocha.com.br/blog/coceira-anal-quando-procurar-coloproctologista-curitiba,Coceira anal: quando é normal e quando procurar um coloproctologista em Curitiba,,,,3/10/2026
causas constipação intestinal,,https://www.analuizarocha.com.br/blog/constipacao-intestinal-cronica-causas-tratamento,"Constipação intestinal crônica: causas, tratamentos e quando procurar especialista",,,,3/10/2026
causas sangue fezes,,https://www.analuizarocha.com.br/blog/sangue-nas-fezes-quando-procurar-coloproctologista,Sangue nas fezes: quando se preocupar e buscar ajuda especializada,,,,3/10/2026
cirurgia laser coloproctologia,,https://www.analuizarocha.com.br/blog,Blog de Coloproctologia e Saúde Intestinal,,,,3/10/2026
coceira anal,,https://www.analuizarocha.com.br/blog/coceira-anal-quando-procurar-coloproctologista-curitiba,Coceira anal: quando é normal e quando procurar um coloproctologista em Curitiba,,,,3/10/2026
coceira anal é sempre sinal de doença,,https://www.analuizarocha.com.br/blog/coceira-anal-quando-procurar-coloproctologista-curitiba,Coceira anal: quando é normal e quando procurar um coloproctologista em Curitiba,,,,3/10/2026
colonoscopia preventiva,,https://www.analuizarocha.com.br/blog/cancer-colorretal-rastreio-prevencao-diagnostico-precoce,"Câncer colorretal: rastreio, prevenção e a importância do diagnóstico precoce",,,,3/10/2026
com que frequência devo repetir a colonoscopia,,https://www.analuizarocha.com.br/blog/cancer-colorretal-rastreio-prevencao-diagnostico-precoce,"Câncer colorretal: rastreio, prevenção e a importância do diagnóstico precoce",,,,3/10/2026
com que idade devo começar consultas de rotina,,https://www.analuizarocha.com.br/blog/quando-procurar-coloproctologista-curitiba,Quando procurar um coloproctologista: guia completo,,,,3/10/2026
comer muita fibra pode causar gases,,https://www.analuizarocha.com.br/blog/alimentacao-fibras-saude-intestinal,Alimentação e saúde intestinal: o papel das fibras no funcionamento do intestino,,,,3/10/2026
como melhorar o intestino,,https://www.analuizarocha.com.br/blog/alimentacao-e-saude-intestinal,"Alimentação e saúde intestinal: fibras, hidratação e ritmo para um intestino equilibrado",,,,3/10/2026
condilomas anais,,https://www.analuizarocha.com.br/blog/hpv-anal-condilomas-riscos-tratamento-rastreio,"HPV anal e condilomas: o que são, riscos, tratamento e importância do rastreio",,,,3/10/2026
condilomas podem voltar após o tratamento,,https://www.analuizarocha.com.br/blog/hpv-anal-condilomas-riscos-tratamento-rastreio,"HPV anal e condilomas: o que são, riscos, tratamento e importância do rastreio",,,,3/10/2026
constipação intestinal crônica,,https://www.analuizarocha.com.br/blog/constipacao-intestinal-cronica-causas-tratamento,"Constipação intestinal crônica: causas, tratamentos e quando procurar especialista",,,,3/10/2026
constipação tratamento,,https://www.analuizarocha.com.br/blog/alimentacao-fibras-saude-intestinal,Alimentação e saúde intestinal: o papel das fibras no funcionamento do intestino,,,,3/10/2026
consulta com coloproctologista,,https://www.analuizarocha.com.br/blog/sinto-vergonha-procurar-coloproctologista-isso-e-normal,Sinto vergonha de procurar um coloproctologista. Isso é normal?,,,,3/10/2026
crohn e retocolite ulcerativa são a mesma doença,,https://www.analuizarocha.com.br/blog/doencas-inflamatorias-intestinais-acompanhamento,Doenças inflamatórias intestinais (DII): acompanhamento especializado,,,,3/10/2026
diagnóstico precoce câncer de intestino,,https://www.analuizarocha.com.br/blog/cancer-colorretal-rastreio-prevencao-diagnostico-precoce,"Câncer colorretal: rastreio, prevenção e a importância do diagnóstico precoce",,,,3/10/2026
diagnóstico SII,,https://www.analuizarocha.com.br/blog/sindrome-intestino-irritavel-sintomas-diagnostico-tratamento,"Síndrome do Intestino Irritável (SII): sintomas, diagnóstico e tratamento personalizado",,,,3/10/2026
diarreia crônica pode ser apenas nervosa,,https://www.analuizarocha.com.br/blog/diarreia-cronica-tratamento,"Diarreia crônica: causas, diagnóstico e tratamentos",,,,3/10/2026
diarreia crônica pode ser câncer,,https://www.analuizarocha.com.br/blog/diarreia-cronica-tratamento,"Diarreia crônica: causas, diagnóstico e tratamentos",,,,3/10/2026
dieta para constipação,,https://www.analuizarocha.com.br/blog/alimentacao-e-saude-intestinal,"Alimentação e saúde intestinal: fibras, hidratação e ritmo para um intestino equilibrado",,,,3/10/2026
dieta sozinha é suficiente para tratar sibo,,https://www.analuizarocha.com.br/blog/disbiose-sibo-tratamento,"Disbiose e SIBO: entenda as causas, sintomas e tratamentos",,,,3/10/2026
disbiose e sibo são a mesma coisa,,https://www.analuizarocha.com.br/blog/disbiose-sibo-tratamento,"Disbiose e SIBO: entenda as causas, sintomas e tratamentos",,,,3/10/2026
disbiose intestinal,,https://www.analuizarocha.com.br/blog/disbiose-sibo-tratamento,"Disbiose e SIBO: entenda as causas, sintomas e tratamentos",,,,3/10/2026
disfunção evacuatória,,https://www.analuizarocha.com.br/blog/disturbios-assoalho-pelvico-funcionamento-intestino,Distúrbios do assoalho pélvico: quando a musculatura interfere no funcionamento do intestino,,,,3/10/2026
distúrbios do assoalho pélvico,,https://www.analuizarocha.com.br/blog/disturbios-assoalho-pelvico-funcionamento-intestino,Distúrbios do assoalho pélvico: quando a musculatura interfere no funcionamento do intestino,,,,3/10/2026
distúrbios do assoalho pélvico têm tratamento,,https://www.analuizarocha.com.br/blog/disturbios-assoalho-pelvico-funcionamento-intestino,Distúrbios do assoalho pélvico: quando a musculatura interfere no funcionamento do intestino,,,,3/10/2026
doença de crohn e retocolite ulcerativa têm cura,,https://www.analuizarocha.com.br/blog/doencas-inflamatorias-intestinais-acompanhamento,Doenças inflamatórias intestinais (DII): acompanhamento especializado,,,,3/10/2026
doença de crohn muda o tratamento da fístula,,https://www.analuizarocha.com.br/blog/tratamento-fistulas-anorretais,Tratamento de fístulas anorretais,,,,3/10/2026
doenças orificiais,,https://www.analuizarocha.com.br/blog/coceira-anal-quando-procurar-coloproctologista-curitiba,Coceira anal: quando é normal e quando procurar um coloproctologista em Curitiba,,,,3/10/2026
dor ao evacuar é normal,,https://www.analuizarocha.com.br/blog/quando-intestino-da-sinais-de-alerta-coloproctologista-curitiba,Quando o intestino dá sinais de alerta?,,,,3/10/2026
dor durante a relação sexual é normal,,https://www.analuizarocha.com.br/blog/saude-sexual-cuidado-informacao-bem-estar,"Saúde sexual: cuidado, informação e bem-estar",,,,3/10/2026
dor na relação sexual,,https://www.analuizarocha.com.br/blog/saude-sexual-cuidado-informacao-bem-estar,"Saúde sexual: cuidado, informação e bem-estar",,,,3/10/2026
é normal ter coceira anal à noite,,https://www.analuizarocha.com.br/blog/coceira-anal-quando-procurar-coloproctologista-curitiba,Coceira anal: quando é normal e quando procurar um coloproctologista em Curitiba,,,,3/10/2026
é normal ter vergonha de fazer exame proctológico,,https://www.analuizarocha.com.br/blog/sinto-vergonha-procurar-coloproctologista-isso-e-normal,Sinto vergonha de procurar um coloproctologista. Isso é normal?,,,,3/10/2026
eixo intestino cérebro,,https://www.analuizarocha.com.br/blog/sindrome-intestino-irritavel-sintomas-diagnostico-tratamento,"Síndrome do Intestino Irritável (SII): sintomas, diagnóstico e tratamento personalizado",,,,3/10/2026
especialista cólon reto,,https://www.analuizarocha.com.br/blog/quando-procurar-coloproctologista-curitiba,Quando procurar um coloproctologista: guia completo,,,,3/10/2026
especialista em coloproctologia com formação internacional,,https://www.analuizarocha.com.br/sobre,Sobre a Dra. Ana Luiza M. Rocha | Especialista em Coloproctologia,,,,3/10/2026
esses distúrbios podem piorar com o tempo,,https://www.analuizarocha.com.br/blog/disturbios-assoalho-pelvico-funcionamento-intestino,Distúrbios do assoalho pélvico: quando a musculatura interfere no funcionamento do intestino,,,,3/10/2026
evacuação incompleta,,https://www.analuizarocha.com.br/,Dra. Ana Luiza M. Rocha | Coloproctologista Curitiba,,,,3/10/2026
exame proctológico,,https://www.analuizarocha.com.br/blog/sinto-vergonha-procurar-coloproctologista-isso-e-normal,Sinto vergonha de procurar um coloproctologista. Isso é normal?,,,,3/10/2026
exames normais significam que está tudo bem,,https://www.analuizarocha.com.br/blog/por-que-meus-sintomas-nunca-melhoram,Por que meus sintomas nunca melhoram?,,,,3/10/2026
existe tratamento para melhorar o conforto sexual,,https://www.analuizarocha.com.br/blog/saude-sexual-cuidado-informacao-bem-estar,"Saúde sexual: cuidado, informação e bem-estar",,,,3/10/2026
fibras alimentares,,https://www.analuizarocha.com.br/blog/alimentacao-fibras-saude-intestinal,Alimentação e saúde intestinal: o papel das fibras no funcionamento do intestino,,,,3/10/2026
fibras intestino,,https://www.analuizarocha.com.br/blog/alimentacao-e-saude-intestinal,"Alimentação e saúde intestinal: fibras, hidratação e ritmo para um intestino equilibrado",,,,3/10/2026
fibras solúveis insolúveis,,https://www.analuizarocha.com.br/blog/alimentacao-fibras-saude-intestinal,Alimentação e saúde intestinal: o papel das fibras no funcionamento do intestino,,,,3/10/2026
fisioterapia pélvica,,https://www.analuizarocha.com.br/blog/disturbios-assoalho-pelvico-funcionamento-intestino,Distúrbios do assoalho pélvico: quando a musculatura interfere no funcionamento do intestino,,,,3/10/2026
fisioterapia pélvica realmente funciona,,https://www.analuizarocha.com.br/blog/disturbios-assoalho-pelvico-funcionamento-intestino,Distúrbios do assoalho pélvico: quando a musculatura interfere no funcionamento do intestino,,,,3/10/2026
fístula anal melhora sozinha,,https://www.analuizarocha.com.br/blog/tratamento-fistulas-anorretais,Tratamento de fístulas anorretais,,,,3/10/2026
hemorroida externa sempre precisa operar,,https://www.analuizarocha.com.br/blog/hemorroida-sempre-cirurgica-tratamento,Hemorroida é sempre cirúrgica? Entenda quando operar e opções de tratamento,,,,3/10/2026
hemorroida sangramento,,https://www.analuizarocha.com.br/blog/sangue-nas-fezes-quando-procurar-coloproctologista,Sangue nas fezes: quando se preocupar e buscar ajuda especializada,,,,3/10/2026
hemorroida sempre volta,,https://www.analuizarocha.com.br/blog/por-que-meus-sintomas-nunca-melhoram,Por que meus sintomas nunca melhoram?,,,,3/10/2026
hidratação e intestino,,https://www.analuizarocha.com.br/blog/alimentacao-e-saude-intestinal,"Alimentação e saúde intestinal: fibras, hidratação e ritmo para um intestino equilibrado",,,,3/10/2026
hpv anal sempre causa verrugas,,https://www.analuizarocha.com.br/blog/hpv-anal-condilomas-riscos-tratamento-rastreio,"HPV anal e condilomas: o que são, riscos, tratamento e importância do rastreio",,,,3/10/2026
hpv anal sempre evolui para câncer,,https://www.analuizarocha.com.br/blog/hpv-anal-condilomas-riscos-tratamento-rastreio,"HPV anal e condilomas: o que são, riscos, tratamento e importância do rastreio",,,,3/10/2026
inchaço abdominal tratamento,,https://www.analuizarocha.com.br/blog/disbiose-sibo-tratamento,"Disbiose e SIBO: entenda as causas, sintomas e tratamentos",,,,3/10/2026
incontinencia fecal,,https://www.analuizarocha.com.br/blog/disturbios-assoalho-pelvico-funcionamento-intestino,Distúrbios do assoalho pélvico: quando a musculatura interfere no funcionamento do intestino,,,,3/10/2026
incontinência fecal,,https://www.analuizarocha.com.br/,Dra. Ana Luiza M. Rocha | Coloproctologista Curitiba,,,,3/10/2026
incontinência fecal é normal com a idade,,https://www.analuizarocha.com.br/blog/disturbios-assoalho-pelvico-funcionamento-intestino,Distúrbios do assoalho pélvico: quando a musculatura interfere no funcionamento do intestino,,,,3/10/2026
IST anal,,https://www.analuizarocha.com.br/blog/saude-sexual-cuidado-informacao-bem-estar,"Saúde sexual: cuidado, informação e bem-estar",,,,3/10/2026
mesmo em remissão preciso continuar acompanhamento,,https://www.analuizarocha.com.br/blog/doencas-inflamatorias-intestinais-acompanhamento,Doenças inflamatórias intestinais (DII): acompanhamento especializado,,,,3/10/2026
microbiota intestinal,,https://www.analuizarocha.com.br/blog/disbiose-sibo-tratamento,"Disbiose e SIBO: entenda as causas, sintomas e tratamentos",,,,3/10/2026
mudança no hábito intestinal,,https://www.analuizarocha.com.br/blog/quando-intestino-da-sinais-de-alerta-coloproctologista-curitiba,Quando o intestino dá sinais de alerta?,,,,3/10/2026
mudança no hábito intestinal pode ser estresse,,https://www.analuizarocha.com.br/blog/quando-intestino-da-sinais-de-alerta-coloproctologista-curitiba,Quando o intestino dá sinais de alerta?,,,,3/10/2026
o acompanhamento evita cirurgia,,https://www.analuizarocha.com.br/blog/o-que-muda-acompanhamento-especializado-coloproctologista-curitiba,O que muda quando você tem acompanhamento especializado?,,,,3/10/2026
o cisto pilonidal some sozinho,,https://www.analuizarocha.com.br/blog/cisto-pilonidal-cirurgia-laser-quando-operar,"Cisto pilonidal: o que é, por que acontece e quando é a melhor hora de operar",,,,3/10/2026
o exame proctológico dói,,https://www.analuizarocha.com.br/blog/quando-procurar-coloproctologista-curitiba,Quando procurar um coloproctologista: guia completo,,,,3/10/2026
o médico vai me julgar,,https://www.analuizarocha.com.br/blog/sinto-vergonha-procurar-coloproctologista-isso-e-normal,Sinto vergonha de procurar um coloproctologista. Isso é normal?,,,,3/10/2026
o plicoma pode virar câncer,,https://www.analuizarocha.com.br/blog/plicoma-anal-cirurgia-laser,Plicoma anal: o que é e como a cirurgia a laser pode auxiliar na recuperação,,,,3/10/2026
o que devo comer quando estou com diarreia frequente,,https://www.analuizarocha.com.br/blog/diarreia-cronica-tratamento,"Diarreia crônica: causas, diagnóstico e tratamentos",,,,3/10/2026
o que devo levar para minha primeira consulta,,https://www.analuizarocha.com.br/blog/quando-procurar-coloproctologista-curitiba,Quando procurar um coloproctologista: guia completo,,,,3/10/2026
o que posso fazer para prevenir a coceira anal,,https://www.analuizarocha.com.br/blog/coceira-anal-quando-procurar-coloproctologista-curitiba,Coceira anal: quando é normal e quando procurar um coloproctologista em Curitiba,,,,3/10/2026
o rastreio é necessário mesmo sem sintomas,,https://www.analuizarocha.com.br/blog/cancer-colorretal-rastreio-prevencao-diagnostico-precoce,"Câncer colorretal: rastreio, prevenção e a importância do diagnóstico precoce",,,,3/10/2026
o sangue pode aparecer mesmo sem dor,,https://www.analuizarocha.com.br/blog/sangue-nas-fezes-quando-procurar-coloproctologista,Sangue nas fezes: quando se preocupar e buscar ajuda especializada,,,,3/10/2026
para que serve o seton,,https://www.analuizarocha.com.br/blog/tratamento-fistulas-anorretais,Tratamento de fístulas anorretais,,,,3/10/2026
pólipos intestinais,,https://www.analuizarocha.com.br/blog/cancer-colorretal-rastreio-prevencao-diagnostico-precoce,"Câncer colorretal: rastreio, prevenção e a importância do diagnóstico precoce",,,,3/10/2026
posso falar sobre práticas sexuais na consulta,,https://www.analuizarocha.com.br/blog/saude-sexual-cuidado-informacao-bem-estar,"Saúde sexual: cuidado, informação e bem-estar",,,,3/10/2026
posso operar durante uma crise hemorroidária,,https://www.analuizarocha.com.br/blog/hemorroida-sempre-cirurgica-tratamento,Hemorroida é sempre cirúrgica? Entenda quando operar e opções de tratamento,,,,3/10/2026
posso usar laxantes naturais todos os dias,,https://www.analuizarocha.com.br/blog/alimentacao-e-saude-intestinal,"Alimentação e saúde intestinal: fibras, hidratação e ritmo para um intestino equilibrado",,,,3/10/2026
posso usar laxantes por conta própria,,https://www.analuizarocha.com.br/blog/constipacao-intestinal-cronica-causas-tratamento,"Constipação intestinal crônica: causas, tratamentos e quando procurar especialista",,,,3/10/2026
posso usar pomadas por conta própria,,https://www.analuizarocha.com.br/blog/coceira-anal-quando-procurar-coloproctologista-curitiba,Coceira anal: quando é normal e quando procurar um coloproctologista em Curitiba,,,,3/10/2026
preciso fazer colonoscopia se tiver sangue nas fezes,,https://www.analuizarocha.com.br/blog/sangue-nas-fezes-quando-procurar-coloproctologista,Sangue nas fezes: quando se preocupar e buscar ajuda especializada,,,,3/10/2026
preciso fazer exame já na primeira consulta,,https://www.analuizarocha.com.br/blog/sinto-vergonha-procurar-coloproctologista-isso-e-normal,Sinto vergonha de procurar um coloproctologista. Isso é normal?,,,,3/10/2026
preciso mesmo procurar um coloproctologista se o sangramento for pequeno,,https://www.analuizarocha.com.br/blog/quando-procurar-coloproctologista-curitiba,Quando procurar um coloproctologista: guia completo,,,,3/10/2026
preciso obrigatoriamente retirar o plicoma,,https://www.analuizarocha.com.br/blog/plicoma-anal-cirurgia-laser,Plicoma anal: o que é e como a cirurgia a laser pode auxiliar na recuperação,,,,3/10/2026
preciso operar mesmo sem sintomas agora,,https://www.analuizarocha.com.br/blog/cisto-pilonidal-cirurgia-laser-quando-operar,"Cisto pilonidal: o que é, por que acontece e quando é a melhor hora de operar",,,,3/10/2026
preciso retornar mesmo se estiver melhor,,https://www.analuizarocha.com.br/blog/o-que-muda-acompanhamento-especializado-coloproctologista-curitiba,O que muda quando você tem acompanhamento especializado?,,,,3/10/2026
prevenção câncer colorretal,,https://www.analuizarocha.com.br/blog,Blog de Coloproctologia e Saúde Intestinal,,,,3/10/2026
prevenção hemorroidas,,https://www.analuizarocha.com.br/blog/alimentacao-fibras-saude-intestinal,Alimentação e saúde intestinal: o papel das fibras no funcionamento do intestino,,,,3/10/2026
prisão de ventre é sempre causada por má alimentação,,https://www.analuizarocha.com.br/blog/constipacao-intestinal-cronica-causas-tratamento,"Constipação intestinal crônica: causas, tratamentos e quando procurar especialista",,,,3/10/2026
prisão de ventre tratamento,,https://www.analuizarocha.com.br/blog/constipacao-intestinal-cronica-causas-tratamento,"Constipação intestinal crônica: causas, tratamentos e quando procurar especialista",,,,3/10/2026
probióticos resolvem sibo,,https://www.analuizarocha.com.br/blog/disbiose-sibo-tratamento,"Disbiose e SIBO: entenda as causas, sintomas e tratamentos",,,,3/10/2026
problemas intestinais,,https://www.analuizarocha.com.br/blog/quando-procurar-coloproctologista-curitiba,Quando procurar um coloproctologista: guia completo,,,,3/10/2026
prurido anal,,https://www.analuizarocha.com.br/blog/coceira-anal-quando-procurar-coloproctologista-curitiba,Coceira anal: quando é normal e quando procurar um coloproctologista em Curitiba,,,,3/10/2026
qual a quantidade ideal de fibras por dia,,https://www.analuizarocha.com.br/blog/alimentacao-fibras-saude-intestinal,Alimentação e saúde intestinal: o papel das fibras no funcionamento do intestino,,,,3/10/2026
quando a colonoscopia é indicada,,https://www.analuizarocha.com.br/blog/diarreia-cronica-tratamento,"Diarreia crônica: causas, diagnóstico e tratamentos",,,,3/10/2026
quando devo procurar um coloproctologista,,https://www.analuizarocha.com.br/blog/constipacao-intestinal-cronica-causas-tratamento,"Constipação intestinal crônica: causas, tratamentos e quando procurar especialista",,,,3/10/2026
quando devo procurar um coloproctologista em curitiba,,https://www.analuizarocha.com.br/blog/fissura-anal-tratamento,"Fissura anal: sintomas, tratamentos e como a coloproctologia pode ajudar",,,,3/10/2026
quando é indicado o uso de toxina botulínica,,https://www.analuizarocha.com.br/blog/fissura-anal-tratamento,"Fissura anal: sintomas, tratamentos e como a coloproctologia pode ajudar",,,,3/10/2026
quando é urgente procurar atendimento,,https://www.analuizarocha.com.br/blog/quando-intestino-da-sinais-de-alerta-coloproctologista-curitiba,Quando o intestino dá sinais de alerta?,,,,3/10/2026
quando ir ao proctologista,,https://www.analuizarocha.com.br/blog/quando-procurar-coloproctologista-curitiba,Quando procurar um coloproctologista: guia completo,,,,3/10/2026
quando preocupar sangramento,,https://www.analuizarocha.com.br/blog/sangue-nas-fezes-quando-procurar-coloproctologista,Sangue nas fezes: quando se preocupar e buscar ajuda especializada,,,,3/10/2026
quando procurar coloproctologista,,https://www.analuizarocha.com.br/,Dra. Ana Luiza M. Rocha | Coloproctologista Curitiba,,,,3/10/2026
quanta fibra devo consumir por dia,,https://www.analuizarocha.com.br/blog/alimentacao-e-saude-intestinal,"Alimentação e saúde intestinal: fibras, hidratação e ritmo para um intestino equilibrado",,,,3/10/2026
quanto tempo dura a recuperação da cirurgia a laser,,https://www.analuizarocha.com.br/blog/plicoma-anal-cirurgia-laser,Plicoma anal: o que é e como a cirurgia a laser pode auxiliar na recuperação,,,,3/10/2026
quanto tempo para recuperar,,https://www.analuizarocha.com.br/blog/cisto-pilonidal-cirurgia-laser-quando-operar,"Cisto pilonidal: o que é, por que acontece e quando é a melhor hora de operar",,,,3/10/2026
quem é dra ana luiza,,https://www.analuizarocha.com.br/sobre,Sobre a Dra. Ana Luiza M. Rocha | Especialista em Coloproctologia,,,,3/10/2026
rastreio câncer colorretal,,https://www.analuizarocha.com.br/blog/cancer-colorretal-rastreio-prevencao-diagnostico-precoce,"Câncer colorretal: rastreio, prevenção e a importância do diagnóstico precoce",,,,3/10/2026
rastreio HPV anal,,https://www.analuizarocha.com.br/blog/hpv-anal-condilomas-riscos-tratamento-rastreio,"HPV anal e condilomas: o que são, riscos, tratamento e importância do rastreio",,,,3/10/2026
ritmo intestinal,,https://www.analuizarocha.com.br/blog/alimentacao-e-saude-intestinal,"Alimentação e saúde intestinal: fibras, hidratação e ritmo para um intestino equilibrado",,,,3/10/2026
sangramento anal,,https://www.analuizarocha.com.br/blog/sangue-nas-fezes-quando-procurar-coloproctologista,Sangue nas fezes: quando se preocupar e buscar ajuda especializada,,,,3/10/2026
sangramento ao evacuar,,https://www.analuizarocha.com.br/,Dra. Ana Luiza M. Rocha | Coloproctologista Curitiba,,,,3/10/2026
sangue nas fezes,,https://www.analuizarocha.com.br/blog/sangue-nas-fezes-quando-procurar-coloproctologista,Sangue nas fezes: quando se preocupar e buscar ajuda especializada,,,,3/10/2026
sangue nas fezes sempre é hemorroida,,https://www.analuizarocha.com.br/blog/quando-intestino-da-sinais-de-alerta-coloproctologista-curitiba,Quando o intestino dá sinais de alerta?,,,,3/10/2026
sangue nas fezes sempre significa câncer,,https://www.analuizarocha.com.br/blog/sangue-nas-fezes-quando-procurar-coloproctologista,Sangue nas fezes: quando se preocupar e buscar ajuda especializada,,,,3/10/2026
saúde anorretal,,https://www.analuizarocha.com.br/blog/saude-sexual-cuidado-informacao-bem-estar,"Saúde sexual: cuidado, informação e bem-estar",,,,3/10/2026
saúde intestinal,,https://www.analuizarocha.com.br/blog/alimentacao-fibras-saude-intestinal,Alimentação e saúde intestinal: o papel das fibras no funcionamento do intestino,,,,3/10/2026
saúde sexual,,https://www.analuizarocha.com.br/blog/saude-sexual-cuidado-informacao-bem-estar,"Saúde sexual: cuidado, informação e bem-estar",,,,3/10/2026
saúde sexual coloproctologia,,https://www.analuizarocha.com.br/,Dra. Ana Luiza M. Rocha | Coloproctologista Curitiba,,,,3/10/2026
se eu tiver pólipos é câncer,,https://www.analuizarocha.com.br/blog/cancer-colorretal-rastreio-prevencao-diagnostico-precoce,"Câncer colorretal: rastreio, prevenção e a importância do diagnóstico precoce",,,,3/10/2026
sibo sintomas,,https://www.analuizarocha.com.br/blog/disbiose-sibo-tratamento,"Disbiose e SIBO: entenda as causas, sintomas e tratamentos",,,,3/10/2026
sibo tem cura,,https://www.analuizarocha.com.br/blog/disbiose-sibo-tratamento,"Disbiose e SIBO: entenda as causas, sintomas e tratamentos",,,,3/10/2026
SII sintomas,,https://www.analuizarocha.com.br/blog/sindrome-intestino-irritavel-sintomas-diagnostico-tratamento,"Síndrome do Intestino Irritável (SII): sintomas, diagnóstico e tratamento personalizado",,,,3/10/2026
sinais de alerta intestinais,,https://www.analuizarocha.com.br/blog/quando-intestino-da-sinais-de-alerta-coloproctologista-curitiba,Quando o intestino dá sinais de alerta?,,,,3/10/2026
sinais e sintomas intestinais,,https://www.analuizarocha.com.br/,Dra. Ana Luiza M. Rocha | Coloproctologista Curitiba,,,,3/10/2026
síndrome do intestino irritável,,https://www.analuizarocha.com.br/blog/sindrome-intestino-irritavel-sintomas-diagnostico-tratamento,"Síndrome do Intestino Irritável (SII): sintomas, diagnóstico e tratamento personalizado",,,,3/10/2026
síndrome do intestino irritável é doença grave,,https://www.analuizarocha.com.br/blog/sindrome-intestino-irritavel-sintomas-diagnostico-tratamento,"Síndrome do Intestino Irritável (SII): sintomas, diagnóstico e tratamento personalizado",,,,3/10/2026
sintomas coloproctologia,,https://www.analuizarocha.com.br/blog/quando-procurar-coloproctologista-curitiba,Quando procurar um coloproctologista: guia completo,,,,3/10/2026
sintomas intestinais persistentes podem ser graves,,https://www.analuizarocha.com.br/blog/por-que-meus-sintomas-nunca-melhoram,Por que meus sintomas nunca melhoram?,,,,3/10/2026
sintomas prisão de ventre,,https://www.analuizarocha.com.br/blog/constipacao-intestinal-cronica-causas-tratamento,"Constipação intestinal crônica: causas, tratamentos e quando procurar especialista",,,,3/10/2026
supercrescimento bacteriano,,https://www.analuizarocha.com.br/blog/disbiose-sibo-tratamento,"Disbiose e SIBO: entenda as causas, sintomas e tratamentos",,,,3/10/2026
suplementos de fibras funcionam,,https://www.analuizarocha.com.br/blog/alimentacao-fibras-saude-intestinal,Alimentação e saúde intestinal: o papel das fibras no funcionamento do intestino,,,,3/10/2026
tenho vergonha de falar sobre meus sintomas o que fazer,,https://www.analuizarocha.com.br/blog/quando-procurar-coloproctologista-curitiba,Quando procurar um coloproctologista: guia completo,,,,3/10/2026
toda fístula precisa de cirurgia,,https://www.analuizarocha.com.br/blog/tratamento-fistulas-anorretais,Tratamento de fístulas anorretais,,,,3/10/2026
toda hemorroida precisa de cirurgia,,https://www.analuizarocha.com.br/blog/hemorroida-sempre-cirurgica-tratamento,Hemorroida é sempre cirúrgica? Entenda quando operar e opções de tratamento,,,,3/10/2026
todo paciente com dii precisa de cirurgia,,https://www.analuizarocha.com.br/blog/doencas-inflamatorias-intestinais-acompanhamento,Doenças inflamatórias intestinais (DII): acompanhamento especializado,,,,3/10/2026
tratamento hemorroidas,,https://www.analuizarocha.com.br/blog,Blog de Coloproctologia e Saúde Intestinal,,,,3/10/2026
tratamento intestino preso,,https://www.analuizarocha.com.br/blog/constipacao-intestinal-cronica-causas-tratamento,"Constipação intestinal crônica: causas, tratamentos e quando procurar especialista",,,,3/10/2026
tratamento prurido anal,,https://www.analuizarocha.com.br/blog/coceira-anal-quando-procurar-coloproctologista-curitiba,Coceira anal: quando é normal e quando procurar um coloproctologista em Curitiba,,,,3/10/2026
tratamento síndrome do intestino irritável,,https://www.analuizarocha.com.br/blog/sindrome-intestino-irritavel-sintomas-diagnostico-tratamento,"Síndrome do Intestino Irritável (SII): sintomas, diagnóstico e tratamento personalizado",,,,3/10/2026
usar laxante todos os dias faz mal,,https://www.analuizarocha.com.br/blog/por-que-meus-sintomas-nunca-melhoram,Por que meus sintomas nunca melhoram?,,,,3/10/2026
vacina HPV adultos,,https://www.analuizarocha.com.br/blog/hpv-anal-condilomas-riscos-tratamento-rastreio,"HPV anal e condilomas: o que são, riscos, tratamento e importância do rastreio",,,,3/10/2026
vale a pena mesmo quando o problema parece simples,,https://www.analuizarocha.com.br/blog/o-que-muda-acompanhamento-especializado-coloproctologista-curitiba,O que muda quando você tem acompanhamento especializado?,,,,3/10/2026
vergonha de procurar coloproctologista,,https://www.analuizarocha.com.br/blog/sinto-vergonha-procurar-coloproctologista-isso-e-normal,Sinto vergonha de procurar um coloproctologista. Isso é normal?,,,,3/10/2026
